RC_Region,RC_Division,Year,Total_Chapters,Total_Counties,Total_Households,Poverty_Households,ALICE_Households,Above_ALICE_Households,Poverty_Rate_Pct,ALICE_Rate_Pct,Combined_Rate_Pct
Alabama and Mississippi Region,Southeast and Caribbean Division,2010,8,147,2845829,543873,805648,1496308,19.11,28.31,47.42
Alabama and Mississippi Region,Southeast and Caribbean Division,2012,8,147,2874598,574364,822410,1477824,19.98,28.61,48.59
Alabama and Mississippi Region,Southeast and Caribbean Division,2014,8,147,2877596,569224,849296,1459076,19.78,29.51,49.3
Alabama and Mississippi Region,Southeast and Caribbean Division,2016,8,147,2897919,542086,828336,1527497,18.71,28.58,47.29
Alabama and Mississippi Region,Southeast and Caribbean Division,2018,8,147,2912597,533669,866513,1512415,18.32,29.75,48.07
Alabama and Mississippi Region,Southeast and Caribbean Division,2019,8,147,2928009,515307,873438,1539264,17.6,29.83,47.43
Alabama and Mississippi Region,Southeast and Caribbean Division,2021,8,147,2995903,524324,954077,1517502,17.5,31.85,49.35
Alabama and Mississippi Region,Southeast and Caribbean Division,2022,8,147,3043144,534621,951892,1556631,17.57,31.28,48.85
Alabama and Mississippi Region,Southeast and Caribbean Division,2023,8,147,3097067,536922,930125,1630020,17.34,30.03,47.37
Arizona and New Mexico Region,Southwest and Rocky Mountain Division,2010,1,33,767199,136034,195732,435433,17.73,25.51,43.24
Arizona and New Mexico Region,Southwest and Rocky Mountain Division,2012,1,33,765778,144074,203652,418052,18.81,26.59,45.41
Arizona and New Mexico Region,Southwest and Rocky Mountain Division,2014,1,33,763531,146457,223264,393810,19.18,29.24,48.42
Arizona and New Mexico Region,Southwest and Rocky Mountain Division,2016,1,33,764065,138590,223621,401854,18.14,29.27,47.41
Arizona and New Mexico Region,Southwest and Rocky Mountain Division,2018,1,33,778571,144324,220847,413400,18.54,28.37,46.9
Arizona and New Mexico Region,Southwest and Rocky Mountain Division,2019,1,33,789457,139283,221861,428313,17.64,28.1,45.75
Arizona and New Mexico Region,Southwest and Rocky Mountain Division,2021,1,33,821310,141975,242080,437255,17.29,29.47,46.76
Arizona and New Mexico Region,Southwest and Rocky Mountain Division,2022,1,33,833912,141445,247078,445389,16.96,29.63,46.59
Arizona and New Mexico Region,Southwest and Rocky Mountain Division,2023,1,33,842325,141634,243853,456838,16.81,28.95,45.76
Cascades Region,Pacific Division,2010,4,38,1700398,239627,464557,996214,14.09,27.32,41.41
Cascades Region,Pacific Division,2012,4,38,1710659,256704,477210,976745,15.01,27.9,42.9
Cascades Region,Pacific Division,2014,4,38,1734633,249521,514364,970748,14.38,29.65,44.04
Cascades Region,Pacific Division,2016,4,38,1774426,222173,513358,1038895,12.52,28.93,41.45
Cascades Region,Pacific Division,2018,4,38,1851885,215682,584675,1051528,11.65,31.57,43.22
Cascades Region,Pacific Division,2019,4,38,1863216,213662,581903,1067651,11.47,31.23,42.7
Cascades Region,Pacific Division,2021,4,38,1929991,224504,612903,1092584,11.63,31.76,43.39
Cascades Region,Pacific Division,2022,4,38,1950668,226455,634371,1089842,11.61,32.52,44.13
Cascades Region,Pacific Division,2023,4,38,1981252,228609,607682,1144961,11.54,30.67,42.21
Central Appalachia Region,Central Atlantic Division,2010,5,74,1112280,184470,293630,634180,16.58,26.4,42.98
Central Appalachia Region,Central Atlantic Division,2012,5,74,1112683,187366,301788,623529,16.84,27.12,43.96
Central Appalachia Region,Central Atlantic Division,2014,5,74,1110482,192685,319390,598407,17.35,28.76,46.11
Central Appalachia Region,Central Atlantic Division,2016,5,74,1101748,183807,302314,615627,16.68,27.44,44.12
Central Appalachia Region,Central Atlantic Division,2018,5,74,1101086,181212,323537,596337,16.46,29.38,45.84
Central Appalachia Region,Central Atlantic Division,2019,5,74,1094602,177312,299835,617455,16.2,27.39,43.59
Central Appalachia Region,Central Atlantic Division,2021,5,74,1080570,178571,326953,575046,16.53,30.26,46.78
Central Appalachia Region,Central Atlantic Division,2022,5,74,1090592,181253,330832,578507,16.62,30.34,46.95
Central Appalachia Region,Central Atlantic Division,2023,5,74,1101379,175793,320837,604749,15.96,29.13,45.09
Central and South Texas Region,Southwest and Rocky Mountain Division,2010,6,83,2405693,399910,615413,1390370,16.62,25.58,42.21
Central and South Texas Region,Southwest and Rocky Mountain Division,2012,6,83,2459223,411414,637659,1410150,16.73,25.93,42.66
Central and South Texas Region,Southwest and Rocky Mountain Division,2014,6,83,2543027,416325,725812,1400890,16.37,28.54,44.91
Central and South Texas Region,Southwest and Rocky Mountain Division,2016,6,83,2612963,384040,734875,1494048,14.7,28.12,42.82
Central and South Texas Region,Southwest and Rocky Mountain Division,2018,6,83,2703186,397782,838305,1467099,14.72,31.01,45.73
Central and South Texas Region,Southwest and Rocky Mountain Division,2019,6,83,2746245,365024,814507,1566714,13.29,29.66,42.95
Central and South Texas Region,Southwest and Rocky Mountain Division,2021,6,83,3070654,419725,846208,1804721,13.67,27.56,41.23
Central and South Texas Region,Southwest and Rocky Mountain Division,2022,6,83,3172043,442354,870762,1858927,13.95,27.45,41.4
Central and South Texas Region,Southwest and Rocky Mountain Division,2023,6,83,3244002,424680,890457,1928865,13.09,27.45,40.54
Central and Southern Ohio Region,Central Atlantic Division,2010,4,43,2159842,309478,492580,1357784,14.33,22.81,37.14
Central and Southern Ohio Region,Central Atlantic Division,2012,4,43,2173949,321437,535496,1317016,14.79,24.63,39.42
Central and Southern Ohio Region,Central Atlantic Division,2014,4,43,2206945,323464,538169,1345312,14.66,24.39,39.04
Central and Southern Ohio Region,Central Atlantic Division,2016,4,43,2235756,307801,528856,1399099,13.77,23.65,37.42
Central and Southern Ohio Region,Central Atlantic Division,2018,4,43,2277709,298368,577813,1401528,13.1,25.37,38.47
Central and Southern Ohio Region,Central Atlantic Division,2019,4,43,2295958,280542,546809,1468607,12.22,23.82,36.04
Central and Southern Ohio Region,Central Atlantic Division,2021,4,43,2363893,298111,581222,1484560,12.61,24.59,37.2
Central and Southern Ohio Region,Central Atlantic Division,2022,4,43,2394481,310369,604698,1479414,12.96,25.25,38.22
Central and Southern Ohio Region,Central Atlantic Division,2023,4,43,2418661,314058,587945,1516658,12.98,24.31,37.29
Colorado and Wyoming Region,Southwest and Rocky Mountain Division,2010,4,64,1954517,242072,454135,1258310,12.39,23.24,35.62
Colorado and Wyoming Region,Southwest and Rocky Mountain Division,2012,4,64,1995218,246976,456056,1292186,12.38,22.86,35.24
Colorado and Wyoming Region,Southwest and Rocky Mountain Division,2014,4,64,2039795,236797,522082,1280916,11.61,25.59,37.2
Colorado and Wyoming Region,Southwest and Rocky Mountain Division,2016,4,64,2102639,222535,599026,1281078,10.58,28.49,39.07
Colorado and Wyoming Region,Southwest and Rocky Mountain Division,2018,4,64,2172234,213473,642218,1316543,9.83,29.56,39.39
Colorado and Wyoming Region,Southwest and Rocky Mountain Division,2019,4,64,2221115,211011,659455,1350649,9.5,29.69,39.19
Colorado and Wyoming Region,Southwest and Rocky Mountain Division,2021,4,64,2297529,228884,627548,1441097,9.96,27.31,37.28
Colorado and Wyoming Region,Southwest and Rocky Mountain Division,2022,4,64,2357045,219937,649252,1487856,9.33,27.55,36.88
Colorado and Wyoming Region,Southwest and Rocky Mountain Division,2023,4,64,2402297,230499,652002,1519796,9.59,27.14,36.74
Connecticut and Rhode Island Region,Northeast Division,2010,1,7,1029718,103976,272494,653248,10.1,26.46,36.56
Connecticut and Rhode Island Region,Northeast Division,2012,1,7,1023557,110875,266832,645850,10.83,26.07,36.9
Connecticut and Rhode Island Region,Northeast Division,2014,1,7,1017396,113466,264659,639271,11.15,26.01,37.17
Connecticut and Rhode Island Region,Northeast Division,2016,1,7,1021951,106041,258361,657549,10.38,25.28,35.66
Connecticut and Rhode Island Region,Northeast Division,2018,1,7,1032457,111298,261283,659876,10.78,25.31,36.09
Connecticut and Rhode Island Region,Northeast Division,2019,1,7,1036609,112332,257096,667181,10.84,24.8,35.64
Connecticut and Rhode Island Region,Northeast Division,2021,1,7,1071042,114246,296549,660247,10.67,27.69,38.35
Eastern New York Region,Northeast Division,2010,3,27,1362961,158914,364476,839571,11.66,26.74,38.4
Eastern New York Region,Northeast Division,2012,3,27,1362352,166417,362387,833548,12.22,26.6,38.82
Eastern New York Region,Northeast Division,2014,3,27,1352659,173286,371553,807820,12.81,27.47,40.28
Eastern New York Region,Northeast Division,2016,3,27,1341333,161246,374994,805093,12.02,27.96,39.98
Eastern New York Region,Northeast Division,2018,3,27,1364485,156987,382621,824877,11.51,28.04,39.55
Eastern New York Region,Northeast Division,2019,3,27,1378993,164376,365130,849487,11.92,26.48,38.4
Eastern New York Region,Northeast Division,2021,3,27,1439462,171122,383366,884974,11.89,26.63,38.52
Eastern New York Region,Northeast Division,2022,3,27,1452481,185049,399656,867776,12.74,27.52,40.26
Eastern New York Region,Northeast Division,2023,3,27,1462776,173530,425857,863389,11.86,29.11,40.98
Georgia Region,Southeast and Caribbean Division,2010,8,159,3485948,555083,1014307,1916558,15.92,29.1,45.02
Georgia Region,Southeast and Caribbean Division,2012,8,159,3528452,609126,1104738,1814588,17.26,31.31,48.57
Georgia Region,Southeast and Caribbean Division,2014,8,159,3595591,598687,1107721,1889183,16.65,30.81,47.46
Georgia Region,Southeast and Caribbean Division,2016,8,159,3691218,568061,1094444,2028713,15.39,29.65,45.04
Georgia Region,Southeast and Caribbean Division,2018,8,159,3770400,536323,1266494,1967583,14.22,33.59,47.82
Georgia Region,Southeast and Caribbean Division,2019,8,159,3827200,516598,1335664,1974938,13.5,34.9,48.4
Georgia Region,Southeast and Caribbean Division,2021,8,159,3954813,537366,1333310,2084137,13.59,33.71,47.3
Georgia Region,Southeast and Caribbean Division,2022,8,159,4021382,521471,1399204,2100707,12.97,34.79,47.76
Georgia Region,Southeast and Caribbean Division,2023,8,159,4087735,561879,1282611,2243245,13.75,31.38,45.12
Greater New York Region,Northeast Division,2010,3,10,4750235,691286,1523257,2535692,14.55,32.07,46.62
Greater New York Region,Northeast Division,2012,3,10,4796185,745206,1512031,2538948,15.54,31.53,47.06
Greater New York Region,Northeast Division,2014,3,10,4861373,760449,1552181,2548743,15.64,31.93,47.57
Greater New York Region,Northeast Division,2016,3,10,4806698,709185,1581636,2515877,14.75,32.9,47.66
Greater New York Region,Northeast Division,2018,3,10,4926037,691279,1621569,2613189,14.03,32.92,46.95
Greater New York Region,Northeast Division,2019,3,10,4957692,655002,1596275,2706415,13.21,32.2,45.41
Greater New York Region,Northeast Division,2021,3,10,5066914,743785,1617525,2705604,14.68,31.92,46.6
Greater New York Region,Northeast Division,2022,3,9,4818660,734827,1604744,2479089,15.25,33.3,48.55
Greater New York Region,Northeast Division,2023,3,9,4840058,735682,1731864,2372512,15.2,35.78,50.98
Greater Pennsylvania Region,Northeast Division,2010,6,61,3420395,422166,868608,2129621,12.34,25.39,37.74
Greater Pennsylvania Region,Northeast Division,2012,6,61,3430453,429579,892232,2108642,12.52,26.01,38.53
Greater Pennsylvania Region,Northeast Division,2014,6,61,3423225,435240,903277,2084708,12.71,26.39,39.1
Greater Pennsylvania Region,Northeast Division,2016,6,61,3418537,394420,912819,2111298,11.54,26.7,38.24
Greater Pennsylvania Region,Northeast Division,2018,6,61,3488559,403898,963902,2120759,11.58,27.63,39.21
Greater Pennsylvania Region,Northeast Division,2019,6,61,3509237,404803,917224,2187210,11.54,26.14,37.67
Greater Pennsylvania Region,Northeast Division,2021,6,61,3547205,412365,986459,2148381,11.63,27.81,39.43
Greater Pennsylvania Region,Northeast Division,2022,6,61,3561690,433413,1048376,2079901,12.17,29.43,41.6
Greater Pennsylvania Region,Northeast Division,2023,6,61,3596367,433247,1024003,2139117,12.05,28.47,40.52
"Idaho, Montana and East Oregon Region",Pacific Division,2010,1,43,519947,76034,139796,304117,14.62,26.89,41.51
"Idaho, Montana and East Oregon Region",Pacific Division,2012,1,43,527862,79640,154087,294135,15.09,29.19,44.28
"Idaho, Montana and East Oregon Region",Pacific Division,2014,1,43,537695,80281,155048,302366,14.93,28.84,43.77
"Idaho, Montana and East Oregon Region",Pacific Division,2016,1,43,549862,79525,154392,315945,14.46,28.08,42.54
"Idaho, Montana and East Oregon Region",Pacific Division,2018,1,43,572132,72611,161557,337964,12.69,28.24,40.93
"Idaho, Montana and East Oregon Region",Pacific Division,2019,1,43,583839,69352,160521,353966,11.88,27.49,39.37
"Idaho, Montana and East Oregon Region",Pacific Division,2021,1,43,612396,69979,196363,346054,11.43,32.06,43.49
"Idaho, Montana and East Oregon Region",Pacific Division,2022,1,43,627669,68977,205861,352831,10.99,32.8,43.79
"Idaho, Montana and East Oregon Region",Pacific Division,2023,1,43,644521,69324,195819,379378,10.76,30.38,41.14
Illinois Region,North Central Division,2010,5,84,4513339,566804,988432,2958103,12.56,21.9,34.46
Illinois Region,North Central Division,2012,5,84,4534941,615410,935097,2984434,13.57,20.62,34.19
Illinois Region,North Central Division,2014,5,84,4540551,597554,1011531,2931466,13.16,22.28,35.44
Illinois Region,North Central Division,2016,5,84,4580477,585056,1107795,2887626,12.77,24.19,36.96
Illinois Region,North Central Division,2018,5,84,4622801,553903,1051781,3017117,11.98,22.75,34.73
Illinois Region,North Central Division,2019,5,84,4619946,540468,1016549,3062929,11.7,22.0,33.7
Illinois Region,North Central Division,2021,5,84,4751500,590654,1108603,3052243,12.43,23.33,35.76
Illinois Region,North Central Division,2022,5,84,4808512,579225,1158527,3070760,12.05,24.09,36.14
Illinois Region,North Central Division,2023,5,84,4835285,587905,1191021,3056359,12.16,24.63,36.79
Indiana Region,North Central Division,2010,5,101,2531960,348451,636936,1546573,13.76,25.16,38.92
Indiana Region,North Central Division,2012,5,101,2539575,358900,607856,1572819,14.13,23.94,38.07
Indiana Region,North Central Division,2014,5,101,2550333,367704,640641,1541988,14.42,25.12,39.54
Indiana Region,North Central Division,2016,5,101,2585853,353260,616066,1616527,13.66,23.82,37.49
Indiana Region,North Central Division,2018,5,101,2645280,338078,623362,1683840,12.78,23.57,36.35
Indiana Region,North Central Division,2019,5,101,2646453,322815,668080,1655558,12.2,25.24,37.44
Indiana Region,North Central Division,2021,5,101,2701977,331060,719740,1651177,12.25,26.64,38.89
Indiana Region,North Central Division,2022,5,101,2745129,348257,738982,1657890,12.69,26.92,39.61
Indiana Region,North Central Division,2023,5,101,2773533,345411,724653,1703469,12.45,26.13,38.58
Kansas and Oklahoma Region,Southwest and Rocky Mountain Division,2010,2,99,787335,112373,166969,507993,14.27,21.21,35.48
Kansas and Oklahoma Region,Southwest and Rocky Mountain Division,2012,2,99,789648,110968,180383,498297,14.05,22.84,36.9
Kansas and Oklahoma Region,Southwest and Rocky Mountain Division,2014,2,99,787026,111692,196124,479210,14.19,24.92,39.11
Kansas and Oklahoma Region,Southwest and Rocky Mountain Division,2016,2,99,787139,106516,192853,487770,13.53,24.5,38.03
Kansas and Oklahoma Region,Southwest and Rocky Mountain Division,2018,2,99,795131,109247,201551,484333,13.74,25.35,39.09
Kansas and Oklahoma Region,Southwest and Rocky Mountain Division,2019,2,99,795352,103118,199228,493006,12.97,25.05,38.01
Kansas and Oklahoma Region,Southwest and Rocky Mountain Division,2021,2,99,794842,106479,215451,472912,13.4,27.11,40.5
Kansas and Oklahoma Region,Southwest and Rocky Mountain Division,2022,2,99,801156,113730,215261,472165,14.2,26.87,41.06
Kansas and Oklahoma Region,Southwest and Rocky Mountain Division,2023,2,99,810381,107013,218991,484377,13.21,27.02,40.23
Kentucky Region,Central Atlantic Division,2010,2,8,103583,12128,24719,66736,11.71,23.86,35.57
Kentucky Region,Central Atlantic Division,2012,2,8,102979,14130,24613,64236,13.72,23.9,37.62
Kentucky Region,Central Atlantic Division,2014,2,8,103176,12581,24917,65678,12.19,24.15,36.34
Kentucky Region,Central Atlantic Division,2016,2,8,102055,11903,31306,58846,11.66,30.68,42.34
Kentucky Region,Central Atlantic Division,2018,2,8,106397,11399,26981,68017,10.71,25.36,36.07
Kentucky Region,Central Atlantic Division,2019,2,8,102573,10323,31233,61017,10.06,30.45,40.51
Kentucky Region,Central Atlantic Division,2021,2,8,109687,12343,31998,65346,11.25,29.17,40.43
Kentucky Region,Central Atlantic Division,2022,2,8,111551,11006,32797,67748,9.87,29.4,39.27
Kentucky Region,Central Atlantic Division,2023,2,8,113468,12702,28237,72529,11.19,24.89,36.08
Louisiana Region,Southwest and Rocky Mountain Division,2010,3,64,1685303,295562,474246,915495,17.54,28.14,45.68
Louisiana Region,Southwest and Rocky Mountain Division,2012,3,64,1719709,324679,501621,893409,18.88,29.17,48.05
Louisiana Region,Southwest and Rocky Mountain Division,2014,3,64,1722841,327500,518742,876599,19.01,30.11,49.12
Louisiana Region,Southwest and Rocky Mountain Division,2016,3,64,1729126,334779,539932,854415,19.36,31.23,50.59
Louisiana Region,Southwest and Rocky Mountain Division,2018,3,64,1735620,314968,576381,844271,18.15,33.21,51.36
Louisiana Region,Southwest and Rocky Mountain Division,2019,3,64,1738124,329946,549542,858636,18.98,31.62,50.6
Louisiana Region,Southwest and Rocky Mountain Division,2021,3,64,1776260,339916,562552,873792,19.14,31.67,50.81
Louisiana Region,Southwest and Rocky Mountain Division,2022,3,64,1799695,339003,567512,893180,18.84,31.53,50.37
Louisiana Region,Southwest and Rocky Mountain Division,2023,3,64,1819905,351248,554557,914100,19.3,30.47,49.77
Michigan Region,North Central Division,2010,6,74,3682839,552361,914631,2215847,15.0,24.83,39.83
Michigan Region,North Central Division,2012,6,74,3690901,587066,949855,2153980,15.91,25.74,41.64
Michigan Region,North Central Division,2014,6,74,3709842,559381,960906,2189555,15.08,25.9,40.98
Michigan Region,North Central Division,2016,6,74,3766366,530076,931222,2305068,14.07,24.72,38.8
Michigan Region,North Central Division,2018,6,74,3822774,519641,1003252,2299881,13.59,26.24,39.84
Michigan Region,North Central Division,2019,6,74,3835362,488116,969410,2377836,12.73,25.28,38.0
Michigan Region,North Central Division,2021,6,74,3901882,510598,1008375,2382909,13.09,25.84,38.93
Michigan Region,North Central Division,2022,6,74,3925877,521199,1094925,2309753,13.28,27.89,41.17
Michigan Region,North Central Division,2023,6,74,3945589,537995,1080682,2326912,13.64,27.39,41.02
Minnesota and Dakotas Region,North Central Division,2010,4,88,2113552,233813,455013,1424726,11.06,21.53,32.59
Minnesota and Dakotas Region,North Central Division,2012,4,88,2133552,234669,461027,1437856,11.0,21.61,32.61
Minnesota and Dakotas Region,North Central Division,2014,4,88,2150921,239357,499891,1411673,11.13,23.24,34.37
Minnesota and Dakotas Region,North Central Division,2016,4,88,2177819,213068,521734,1443017,9.78,23.96,33.74
Minnesota and Dakotas Region,North Central Division,2018,4,88,2204037,213916,549830,1440291,9.71,24.95,34.65
Minnesota and Dakotas Region,North Central Division,2019,4,88,2225679,207968,538617,1479094,9.34,24.2,33.54
Minnesota and Dakotas Region,North Central Division,2021,4,88,2273862,217649,580296,1475917,9.57,25.52,35.09
Minnesota and Dakotas Region,North Central Division,2022,4,88,2322523,236034,605700,1480789,10.16,26.08,36.24
Minnesota and Dakotas Region,North Central Division,2023,4,88,2341702,221367,589598,1530737,9.45,25.18,34.63
Missouri and Arkansas Region,Southwest and Rocky Mountain Division,2010,5,88,1677303,261241,435592,980470,15.58,25.97,41.54
Missouri and Arkansas Region,Southwest and Rocky Mountain Division,2012,5,88,1707522,272791,443460,991271,15.98,25.97,41.95
Missouri and Arkansas Region,Southwest and Rocky Mountain Division,2014,5,88,1703190,278054,476076,949060,16.33,27.95,44.28
Missouri and Arkansas Region,Southwest and Rocky Mountain Division,2016,5,88,1735584,265254,477039,993291,15.28,27.49,42.77
Missouri and Arkansas Region,Southwest and Rocky Mountain Division,2018,5,88,1753247,261315,517141,974791,14.9,29.5,44.4
Missouri and Arkansas Region,Southwest and Rocky Mountain Division,2019,5,88,1758867,251985,493501,1013381,14.33,28.06,42.38
Missouri and Arkansas Region,Southwest and Rocky Mountain Division,2021,5,88,1774761,247947,521521,1005293,13.97,29.39,43.36
Missouri and Arkansas Region,Southwest and Rocky Mountain Division,2022,5,88,1806541,257182,530011,1019348,14.24,29.34,43.57
Missouri and Arkansas Region,Southwest and Rocky Mountain Division,2023,5,88,1822895,250800,503405,1068690,13.76,27.62,41.37
National Capital and Greater Chesapeake Region,Central Atlantic Division,2010,5,35,3192652,263145,896294,2033213,8.24,28.07,36.32
National Capital and Greater Chesapeake Region,Central Atlantic Division,2012,5,35,3243784,277793,934053,2031938,8.56,28.8,37.36
National Capital and Greater Chesapeake Region,Central Atlantic Division,2014,5,35,3286083,291196,945878,2049009,8.86,28.78,37.65
National Capital and Greater Chesapeake Region,Central Atlantic Division,2016,5,35,3332062,291259,967822,2072981,8.74,29.05,37.79
National Capital and Greater Chesapeake Region,Central Atlantic Division,2018,5,35,3389361,284663,956421,2148277,8.4,28.22,36.62
National Capital and Greater Chesapeake Region,Central Atlantic Division,2019,5,35,3415938,279716,916098,2220124,8.19,26.82,35.01
National Capital and Greater Chesapeake Region,Central Atlantic Division,2021,5,35,3587360,334590,937868,2314902,9.33,26.14,35.47
National Capital and Greater Chesapeake Region,Central Atlantic Division,2022,5,35,3629610,317008,1009417,2303185,8.73,27.81,36.54
National Capital and Greater Chesapeake Region,Central Atlantic Division,2023,5,35,3652888,326182,1012015,2314691,8.93,27.7,36.63
Nebraska Iowa Region,North Central Division,2010,4,99,1166893,134726,249213,782954,11.55,21.36,32.9
Nebraska Iowa Region,North Central Division,2012,4,99,1171005,142894,248460,779651,12.2,21.22,33.42
Nebraska Iowa Region,North Central Division,2014,4,99,1183677,141920,260051,781706,11.99,21.97,33.96
Nebraska Iowa Region,North Central Division,2016,4,99,1192790,141372,261790,789628,11.85,21.95,33.8
Nebraska Iowa Region,North Central Division,2018,4,99,1209832,137558,279647,792627,11.37,23.11,34.48
Nebraska Iowa Region,North Central Division,2019,4,99,1223859,139549,279615,804695,11.4,22.85,34.25
Nebraska Iowa Region,North Central Division,2021,4,99,1230145,136519,300848,792778,11.1,24.46,35.55
Nebraska Iowa Region,North Central Division,2022,4,99,1243196,138412,320571,784213,11.13,25.79,36.92
Nebraska Iowa Region,North Central Division,2023,4,99,1254780,144368,317578,792834,11.51,25.31,36.81
New Jersey Region,Northeast Division,2010,3,21,3172421,312575,803828,2056018,9.85,25.34,35.19
New Jersey Region,Northeast Division,2012,3,21,3198799,336230,832279,2030290,10.51,26.02,36.53
New Jersey Region,Northeast Division,2014,3,21,3194844,340893,827316,2026635,10.67,25.9,36.57
New Jersey Region,Northeast Division,2016,3,21,3194519,334182,874741,1985596,10.46,27.38,37.84
New Jersey Region,Northeast Division,2018,3,21,3248970,313232,865196,2070542,9.64,26.63,36.27
New Jersey Region,Northeast Division,2019,3,21,3284257,308490,826930,2148837,9.39,25.18,34.57
New Jersey Region,Northeast Division,2021,3,21,3495628,368639,923791,2203198,10.55,26.43,36.97
New Jersey Region,Northeast Division,2022,3,21,3512465,365899,902737,2243829,10.42,25.7,36.12
New Jersey Region,Northeast Division,2023,3,21,3538131,359444,1018576,2160111,10.16,28.79,38.95
North Carolina Region,Southeast and Caribbean Division,2010,9,104,3821930,604216,977736,2239978,15.81,25.58,41.39
North Carolina Region,Southeast and Caribbean Division,2012,9,104,3882373,632436,1058452,2191485,16.29,27.26,43.55
North Carolina Region,Southeast and Caribbean Division,2014,9,104,3948676,636954,1109297,2202425,16.13,28.09,44.22
North Carolina Region,Southeast and Caribbean Division,2016,9,104,4041341,598419,1129726,2313196,14.81,27.95,42.76
North Carolina Region,Southeast and Caribbean Division,2018,9,104,4171475,569930,1248069,2353476,13.66,29.92,43.58
North Carolina Region,Southeast and Caribbean Division,2019,9,104,4209688,568624,1230736,2410328,13.51,29.24,42.74
North Carolina Region,Southeast and Caribbean Division,2021,9,104,4333604,571144,1335294,2427166,13.18,30.81,43.99
North Carolina Region,Southeast and Caribbean Division,2022,9,104,4441948,572321,1350183,2519444,12.88,30.4,43.28
North Carolina Region,Southeast and Caribbean Division,2023,9,104,4539765,580213,1318689,2640863,12.78,29.05,41.83
North Texas Region,Southwest and Rocky Mountain Division,2010,5,121,3391138,466945,902515,2021678,13.77,26.61,40.38
North Texas Region,Southwest and Rocky Mountain Division,2012,5,121,3462062,501201,923176,2037685,14.48,26.67,41.14
North Texas Region,Southwest and Rocky Mountain Division,2014,5,121,3546152,510260,1005644,2030248,14.39,28.36,42.75
North Texas Region,Southwest and Rocky Mountain Division,2016,5,121,3638948,469103,1005506,2164339,12.89,27.63,40.52
North Texas Region,Southwest and Rocky Mountain Division,2018,5,121,3732242,446979,1023248,2262015,11.98,27.42,39.39
North Texas Region,Southwest and Rocky Mountain Division,2019,5,121,3776902,433143,1063132,2280627,11.47,28.15,39.62
North Texas Region,Southwest and Rocky Mountain Division,2021,5,121,4007854,475512,1179661,2352681,11.86,29.43,41.3
North Texas Region,Southwest and Rocky Mountain Division,2022,5,121,4089273,472617,1217441,2399215,11.56,29.77,41.33
North Texas Region,Southwest and Rocky Mountain Division,2023,5,121,4155113,472694,1236681,2445738,11.38,29.76,41.14
North and Central Florida Region,Southeast and Caribbean Division,2010,6,49,3912466,573020,1210294,2129152,14.65,30.93,45.58
North and Central Florida Region,Southeast and Caribbean Division,2012,6,49,3989883,608224,1263274,2118385,15.24,31.66,46.91
North and Central Florida Region,Southeast and Caribbean Division,2014,6,49,4074247,617333,1324829,2132085,15.15,32.52,47.67
North and Central Florida Region,Southeast and Caribbean Division,2016,6,49,4250247,584980,1369365,2295902,13.76,32.22,45.98
North and Central Florida Region,Southeast and Caribbean Division,2018,6,49,4362881,558120,1388450,2416311,12.79,31.82,44.62
North and Central Florida Region,Southeast and Caribbean Division,2019,6,49,4404074,536012,1476086,2391976,12.17,33.52,45.69
North and Central Florida Region,Southeast and Caribbean Division,2021,6,49,4767301,613521,1523983,2629797,12.87,31.97,44.84
North and Central Florida Region,Southeast and Caribbean Division,2022,6,49,4944491,619565,1598240,2726686,12.53,32.32,44.85
North and Central Florida Region,Southeast and Caribbean Division,2023,6,49,5064658,633095,1638838,2792725,12.5,32.36,44.86
Northern New England Region,Northeast Division,2010,3,16,546613,70163,139277,337173,12.84,25.48,38.32
Northern New England Region,Northeast Division,2012,3,16,555531,77882,145096,332553,14.02,26.12,40.14
Northern New England Region,Northeast Division,2014,3,16,552208,76826,150769,324613,13.91,27.3,41.22
Northern New England Region,Northeast Division,2016,3,16,544370,70609,154258,319503,12.97,28.34,41.31
Northern New England Region,Northeast Division,2018,3,16,567127,70996,166346,329785,12.52,29.33,41.85
Northern New England Region,Northeast Division,2019,3,16,570405,61910,168241,340254,10.85,29.5,40.35
Northern New England Region,Northeast Division,2021,3,16,583562,70983,172502,340077,12.16,29.56,41.72
Northern New England Region,Northeast Division,2022,3,16,594358,70445,179280,344633,11.85,30.16,42.02
Northern New England Region,Northeast Division,2023,3,16,605199,67219,177879,360101,11.11,29.39,40.5
Northern Ohio Region,Central Atlantic Division,2010,5,31,2140591,305080,523381,1312130,14.25,24.45,38.7
Northern Ohio Region,Central Atlantic Division,2012,5,31,2147352,330245,514248,1302859,15.38,23.95,39.33
Northern Ohio Region,Central Atlantic Division,2014,5,31,2159180,322195,509322,1327663,14.92,23.59,38.51
Northern Ohio Region,Central Atlantic Division,2016,5,31,2165911,316077,501281,1348553,14.59,23.14,37.74
Northern Ohio Region,Central Atlantic Division,2018,5,31,2183455,308731,513342,1361382,14.14,23.51,37.65
Northern Ohio Region,Central Atlantic Division,2019,5,31,2201902,303280,510033,1388589,13.77,23.16,36.94
Northern Ohio Region,Central Atlantic Division,2021,5,31,2238317,306201,567183,1364933,13.68,25.34,39.02
Northern Ohio Region,Central Atlantic Division,2022,5,31,2243373,313002,573872,1356499,13.95,25.58,39.53
Northern Ohio Region,Central Atlantic Division,2023,5,31,2252625,312341,577318,1362966,13.87,25.63,39.49
Northwest Region,Pacific Division,2010,5,38,2471678,293840,485442,1692396,11.89,19.64,31.53
Northwest Region,Pacific Division,2012,5,38,2501503,309374,503374,1688755,12.37,20.12,32.49
Northwest Region,Pacific Division,2014,5,38,2537082,311467,537805,1687810,12.28,21.2,33.47
Northwest Region,Pacific Division,2016,5,38,2623723,290649,605034,1728040,11.08,23.06,34.14
Northwest Region,Pacific Division,2018,5,38,2731559,274334,620698,1836527,10.04,22.72,32.77
Northwest Region,Pacific Division,2019,5,38,2768712,262948,614277,1891487,9.5,22.19,31.68
Northwest Region,Pacific Division,2021,5,38,2850791,282809,679904,1888078,9.92,23.85,33.77
Northwest Region,Pacific Division,2022,5,38,2899396,296163,695529,1907704,10.21,23.99,34.2
Northwest Region,Pacific Division,2023,5,38,2927984,306891,801013,1820080,10.48,27.36,37.84
Not Assigned,Not Assigned,2010,1,1,2782,506,1035,1241,18.19,37.2,55.39
Not Assigned,Not Assigned,2012,1,1,2723,646,769,1308,23.72,28.24,51.96
Not Assigned,Not Assigned,2022,1,9,1430904,151105,412407,867392,10.56,28.82,39.38
Not Assigned,Not Assigned,2023,1,9,1442969,160037,420483,862449,11.09,29.14,40.23
Pacific Islands Region,Pacific Division,2010,1,5,445845,49202,144164,252479,11.04,32.34,43.37
Pacific Islands Region,Pacific Division,2012,1,5,447734,49929,139248,258557,11.15,31.1,42.25
Pacific Islands Region,Pacific Division,2014,1,5,450763,49776,133940,267047,11.04,29.71,40.76
Pacific Islands Region,Pacific Division,2016,1,5,455868,46306,151118,258444,10.16,33.15,43.31
Pacific Islands Region,Pacific Division,2018,1,5,455138,41619,148771,264748,9.14,32.69,41.83
Pacific Islands Region,Pacific Division,2019,1,5,465090,42896,152306,269888,9.22,32.75,41.97
Pacific Islands Region,Pacific Division,2021,1,5,490101,57262,145706,287133,11.68,29.73,41.41
Pacific Islands Region,Pacific Division,2022,1,5,493567,52780,162372,278415,10.69,32.9,43.59
Pacific Islands Region,Pacific Division,2023,1,5,493920,51115,173064,269741,10.35,35.04,45.39
South Carolina Region,Southeast and Caribbean Division,2010,4,42,1612269,269562,410198,932509,16.72,25.44,42.16
South Carolina Region,Southeast and Caribbean Division,2012,4,42,1637628,281960,446381,909287,17.22,27.26,44.48
South Carolina Region,Southeast and Caribbean Division,2014,4,42,1677460,280319,479883,917258,16.71,28.61,45.32
South Carolina Region,Southeast and Caribbean Division,2016,4,42,1720957,263835,470318,986804,15.33,27.33,42.66
South Carolina Region,Southeast and Caribbean Division,2018,4,42,1759787,266289,505795,987703,15.13,28.74,43.87
South Carolina Region,Southeast and Caribbean Division,2019,4,42,1797205,257667,544447,995091,14.34,30.29,44.63
South Carolina Region,Southeast and Caribbean Division,2021,4,42,1853658,274892,527979,1050787,14.83,28.48,43.31
South Carolina Region,Southeast and Caribbean Division,2022,4,42,1933465,275408,590670,1067387,14.24,30.55,44.79
South Carolina Region,Southeast and Caribbean Division,2023,4,42,1969355,283323,555192,1130840,14.39,28.19,42.58
South Florida Region,Southeast and Caribbean Division,2010,5,18,3124415,471941,1103612,1548862,15.1,35.32,50.43
South Florida Region,Southeast and Caribbean Division,2012,5,18,3205844,492827,1106953,1606064,15.37,34.53,49.9
South Florida Region,Southeast and Caribbean Division,2014,5,18,3254156,501960,1171768,1580428,15.43,36.01,51.43
South Florida Region,Southeast and Caribbean Division,2016,5,18,3324519,471336,1210494,1642689,14.18,36.41,50.59
South Florida Region,Southeast and Caribbean Division,2018,5,18,3429724,458802,1205398,1765524,13.38,35.15,48.52
South Florida Region,Southeast and Caribbean Division,2019,5,18,3490373,439388,1188097,1862888,12.59,34.04,46.63
South Florida Region,Southeast and Caribbean Division,2021,5,18,3766121,504487,1224615,2037019,13.4,32.52,45.91
South Florida Region,Southeast and Caribbean Division,2022,5,18,3855788,505564,1332851,2017373,13.11,34.57,47.68
South Florida Region,Southeast and Caribbean Division,2023,5,18,3879811,496590,1394601,1988620,12.8,35.95,48.74
Southeastern Pennsylvania Region,Northeast Division,2010,2,5,1501715,203908,380798,917009,13.58,25.36,38.94
Southeastern Pennsylvania Region,Northeast Division,2012,2,5,1508981,216744,371537,920700,14.36,24.62,38.99
Southeastern Pennsylvania Region,Northeast Division,2014,2,5,1510121,210031,404079,896011,13.91,26.76,40.67
Southeastern Pennsylvania Region,Northeast Division,2016,2,5,1519154,212238,405603,901313,13.97,26.7,40.67
Southeastern Pennsylvania Region,Northeast Division,2018,2,5,1561776,205007,390985,965784,13.13,25.03,38.16
Southeastern Pennsylvania Region,Northeast Division,2019,2,5,1584105,207183,366861,1010061,13.08,23.16,36.24
Southeastern Pennsylvania Region,Northeast Division,2021,2,5,1666618,222051,417737,1026830,13.32,25.06,38.39
Southeastern Pennsylvania Region,Northeast Division,2022,2,5,1702301,223400,439709,1039192,13.12,25.83,38.95
Southeastern Pennsylvania Region,Northeast Division,2023,2,5,1696839,225553,436606,1034680,13.29,25.73,39.02
Tennessee Region,Southeast and Caribbean Division,2010,8,98,2526494,412002,759443,1355049,16.31,30.06,46.37
Tennessee Region,Southeast and Caribbean Division,2012,8,98,2562171,429552,773519,1359100,16.77,30.19,46.96
Tennessee Region,Southeast and Caribbean Division,2014,8,98,2590278,441262,853543,1295473,17.04,32.95,49.99
Tennessee Region,Southeast and Caribbean Division,2016,8,98,2646718,407786,840822,1398110,15.41,31.77,47.18
Tennessee Region,Southeast and Caribbean Division,2018,8,98,2692852,402820,862257,1427775,14.96,32.02,46.98
Tennessee Region,Southeast and Caribbean Division,2019,8,98,2730829,382484,868842,1479503,14.01,31.82,45.82
Tennessee Region,Southeast and Caribbean Division,2021,8,98,2831464,393230,844988,1593246,13.89,29.84,43.73
Tennessee Region,Southeast and Caribbean Division,2022,8,98,2897766,387441,876478,1633847,13.37,30.25,43.62
Tennessee Region,Southeast and Caribbean Division,2023,8,98,2945358,409428,874129,1661801,13.9,29.68,43.58
Texas Gulf Coast Region,Southwest and Rocky Mountain Division,2010,5,51,2962692,503333,809069,1650290,16.99,27.31,44.3
Texas Gulf Coast Region,Southwest and Rocky Mountain Division,2012,5,51,3059971,527142,879526,1653303,17.23,28.74,45.97
Texas Gulf Coast Region,Southwest and Rocky Mountain Division,2014,5,51,3208780,534142,923566,1751072,16.65,28.78,45.43
Texas Gulf Coast Region,Southwest and Rocky Mountain Division,2016,5,51,3322798,527167,932333,1863298,15.87,28.06,43.92
Texas Gulf Coast Region,Southwest and Rocky Mountain Division,2018,5,51,3347807,526007,1066672,1755128,15.71,31.86,47.57
Texas Gulf Coast Region,Southwest and Rocky Mountain Division,2019,5,51,3445845,510046,1049634,1886165,14.8,30.46,45.26
Texas Gulf Coast Region,Southwest and Rocky Mountain Division,2021,5,51,3643208,568003,1078630,1996575,15.59,29.61,45.2
Texas Gulf Coast Region,Southwest and Rocky Mountain Division,2022,5,51,3740143,581138,1133368,2025637,15.54,30.3,45.84
Texas Gulf Coast Region,Southwest and Rocky Mountain Division,2023,5,51,3796168,586450,1077389,2132329,15.45,28.38,43.83
Virginia Region,Central Atlantic Division,2010,6,116,2081232,255054,646971,1179207,12.25,31.09,43.34
Virginia Region,Central Atlantic Division,2012,6,116,2095265,277950,710143,1107172,13.27,33.89,47.16
Virginia Region,Central Atlantic Division,2014,6,116,2128254,285489,681438,1161327,13.41,32.02,45.43
Virginia Region,Central Atlantic Division,2016,6,116,2153485,275133,686921,1191431,12.78,31.9,44.67
Virginia Region,Central Atlantic Division,2018,6,116,2176198,266368,687269,1222561,12.24,31.58,43.82
Virginia Region,Central Atlantic Division,2019,6,116,2183235,260515,656685,1266035,11.93,30.08,42.01
Virginia Region,Central Atlantic Division,2021,6,116,2268239,269571,688279,1310389,11.88,30.34,42.23
Virginia Region,Central Atlantic Division,2022,6,116,2287698,291229,718239,1278230,12.73,31.4,44.13
Virginia Region,Central Atlantic Division,2023,6,116,2310432,281982,704246,1324204,12.2,30.48,42.69
Western New York Region,Northeast Division,2010,3,27,1432170,199283,357454,875433,13.91,24.96,38.87
Western New York Region,Northeast Division,2012,3,27,1434880,202417,384140,848323,14.11,26.77,40.88
Western New York Region,Northeast Division,2014,3,27,1431446,203714,387503,840229,14.23,27.07,41.3
Western New York Region,Northeast Division,2016,3,27,1420995,198898,390253,831844,14.0,27.46,41.46
Western New York Region,Northeast Division,2018,3,27,1442681,197119,390633,854929,13.66,27.08,40.74
Western New York Region,Northeast Division,2019,3,27,1463635,200759,370558,892318,13.72,25.32,39.03
Western New York Region,Northeast Division,2021,3,27,1501526,203863,393505,904158,13.58,26.21,39.78
Western New York Region,Northeast Division,2022,3,27,1503144,213273,416820,873051,14.19,27.73,41.92
Western New York Region,Northeast Division,2023,3,27,1500005,212843,437609,849553,14.19,29.17,43.36
Wisconsin Region,North Central Division,2010,5,76,2303424,276021,537929,1489474,11.98,23.35,35.34
Wisconsin Region,North Central Division,2012,5,76,2310262,291283,517603,1501376,12.61,22.4,35.01
Wisconsin Region,North Central Division,2014,5,76,2322494,293149,526199,1503146,12.62,22.66,35.28
Wisconsin Region,North Central Division,2016,5,76,2342595,276139,519654,1546802,11.79,22.18,33.97
Wisconsin Region,North Central Division,2018,5,76,2375183,266687,557658,1550838,11.23,23.48,34.71
Wisconsin Region,North Central Division,2019,5,76,2395304,249204,534111,1611989,10.4,22.3,32.7
Wisconsin Region,North Central Division,2021,5,76,2451451,270638,574568,1606245,11.04,23.44,34.48
Wisconsin Region,North Central Division,2022,5,76,2481704,272144,607780,1601780,10.97,24.49,35.46
Wisconsin Region,North Central Division,2023,5,76,2490746,274413,600772,1615561,11.02,24.12,35.14
